<?xml version="1.0" encoding="utf-8" ?>
<Content>
  <LastModifiedDateTime>2014-05-06 12:00</LastModifiedDateTime>
	<News>
		<Item>
			<Title>Syntel Launches New Digital Enterprise Service Line</Title>
			<Description>Syntel Digital One will focus on enabling its clients to transform into future-ready digital enterprises. The new service will consolidate Syntel's existing digital enterprise services, including enterprise mobility, cloud computing, Big Data analytics, social media and Internet of Things.</Description>
			<PublishDate>Wednesday, April 23, 2014 2:36 PM</PublishDate>
			<LocationPath>http://www.syntelinc.com/newsroom/syntel-launches-new-digital-enterprise-service-line</LocationPath>
			<Source>http://www.syntelinc.com/newsroom/syntel-launches-new-digital-enterprise-service-line</Source>
			<tinyURL></tinyURL>
		</Item>
		<Item>
			<Title>Syntel Reports First Quarter 2014 Financial Results</Title>
			<Description>Syntel, Inc., a global information technology services and Knowledge Process Outsourcing (KPO) company today announced financial results for the first quarter, ended March 31, 2014.</Description>
			<PublishDate>Monday, April 21, 2014 8:05 PM</PublishDate>
			<LocationPath>http://www.syntelinc.com/newsroom/syntel-reports-first-quarter-2014-financial-results</LocationPath>
			<Source>http://www.syntelinc.com/newsroom/syntel-reports-first-quarter-2014-financial-results</Source>
			<tinyURL></tinyURL>
		</Item>
		<Item>
			<Title>Syntel to Announce First Quarter 2014 Results on Thursday, April 17, 2014</Title>
			<Description>Syntel, Inc., a leading global provider of integrated information technology and Knowledge Process Outsourcing (KPO) services, will announce results for the First Quarter 2014, before the market opens on Thursday, April 17, 2014.</Description>
			<PublishDate>Tuesday, April 15, 2014 9:55 AM</PublishDate>
			<LocationPath>http://www.syntelinc.com/newsroom/syntel-announce-first-quarter-2014-results-thursday-april-17-2014</LocationPath>
			<Source>http://www.syntelinc.com/newsroom/syntel-announce-first-quarter-2014-results-thursday-april-17-2014</Source>
			<tinyURL></tinyURL>
		</Item>
		<Item>
			<Title>BPOs add higher value services to their portfolio to beat growth stagnation</Title>
			<Description>Faced with the chilly wind of margin declines and slower growth, Indian outsourcing firms are looking to add higher value services to their portfolio even as they move more work to smaller towns and cities to cut costs. Pricing troubles in the sector began in 2006 with the entry of numerous players and came to a head in 2008 after the global economic crisis which saw salary levels in the West drop, reducing the gap with what is paid in India.</Description>
			<PublishDate>Tuesday, April 15, 2014 9:52 AM</PublishDate>
			<LocationPath>http://www.syntelinc.com/newsroom/bpos-add-higher-value-services-their-portfolio-beat-growth-stagnation</LocationPath>
			<Source>http://www.syntelinc.com/newsroom/bpos-add-higher-value-services-their-portfolio-beat-growth-stagnation</Source>
			<tinyURL></tinyURL>
		</Item>
		<Item>
			<Title>Next frontier in cloud computing: Infrastructure and application autonomics powered by cloud technologies</Title>
			<Description>Over the last couple of years cloud computing has found mainstream adoption and has delivered tangible benefits to clients. Ashok Balasubramanian of Syntel discusses how enterprises are set to benefit from next generation cloud technologies.</Description>
			<PublishDate>Friday, March 21, 2014 4:11 PM</PublishDate>
			<LocationPath>http://www.syntelinc.com/newsroom/next-frontier-cloud-computing-infrastructure-and-application-autonomics-powered-cloud-technologies</LocationPath>
			<Source>http://www.syntelinc.com/newsroom/next-frontier-cloud-computing-infrastructure-and-application-autonomics-powered-cloud-technologies</Source>
			<tinyURL></tinyURL>
		</Item>
		<Item>
			<Title>Syntel CEO Ranade appointed as Executive Vice Chairman from Apr 21</Title>
			<Description>Prashant Ranade, the current Chief Executive Officer and President of Nasdaq-listed Syntel, will be taking over as the Executive Vice Chairman from April 21, the company said in a release today.</Description>
			<PublishDate>Friday, March 21, 2014 4:05 PM</PublishDate>
			<LocationPath>http://www.syntelinc.com/newsroom/syntel-ceo-ranade-appointed-executive-vice-chairman-apr-21</LocationPath>
			<Source>http://www.syntelinc.com/newsroom/syntel-ceo-ranade-appointed-executive-vice-chairman-apr-21</Source>
			<tinyURL></tinyURL>
		</Item>
	</News>
	<Videos>
		<Item>
			<Title>Syntel Spotlight</Title>
			<PublishDate>Mon, 21 Apr 2014</PublishDate>
			<LocationPath>http://192.168.101.137:84/Notification/devicecontent/HTML/ThoughtLeadership/Videos/4_SyntelSpotlight.mp4</LocationPath>
			<image>http://192.168.101.137:84/Notification/devicecontent/images/bigdata.png</image>
			<Source>http://www.youtube.com/watch?v=m62Tfmtoss4</Source>
			<tinyURL></tinyURL>
		</Item>
		<Item>
			<Title>Syntel's Chennai and Pune GDC</Title>
			<PublishDate>Mon, 21 Apr 2014</PublishDate>
			<LocationPath>http://192.168.101.137:84/Notification/devicecontent/HTML/ThoughtLeadership/Videos/7_ChennaiPuneGDC.mp4</LocationPath>
			<image>http://192.168.101.137:84/Notification/devicecontent/images/gdc.png</image>
			<Source>http://www.youtube.com/watch?v=j712FUUJ9C8</Source>
			<tinyURL></tinyURL>
		</Item>
		<Item>
			<Title>Cloud Computing - The Digital Backbone</Title>
			<PublishDate>Tue, 1 Apr 2014</PublishDate>
			<LocationPath>http://192.168.101.137:84/Notification/devicecontent/HTML/ThoughtLeadership/Videos/2_CloudComputing.mp4</LocationPath>
			<image>http://192.168.101.137:84/Notification/devicecontent/images/cloud-computing-digital-backbone.png</image>
			<Source>http://www.youtube.com/watch?v=GYgKmF4vzVo</Source>
			<tinyURL></tinyURL>
		</Item>
		<Item>
			<Title>Big Data = Big Benefits for Today's Businesses</Title>
			<PublishDate>Fri, 13 Dec 2013</PublishDate>
			<LocationPath>http://192.168.101.137:84/Notification/devicecontent/HTML/ThoughtLeadership/Videos/3_BigData.mp4</LocationPath>
			<image>http://192.168.101.137:84/Notification/devicecontent/images/bigdata.png</image>
			<Source>http://www.youtube.com/watch?v=QvyQFXbgW2c</Source>
			<tinyURL></tinyURL>
		</Item>
		<Item>
			<Title>Employee Speak :: Syntel</Title>
			<PublishDate>Tue, 29 Oct 2013</PublishDate>
			<LocationPath>http://192.168.101.137:84/Notification/devicecontent/HTML/ThoughtLeadership/Videos/5_EmployeeSpeak.mp4</LocationPath>
			<image>http://192.168.101.137:84/Notification/devicecontent/images/empspeak.png</image>
			<Source>http://www.youtube.com/watch?v=EVcW9ZBG2go</Source>
			<tinyURL></tinyURL>
		</Item>
		<Item>
			<Title>Syntel Sponsored Enactus India National Competition 2013</Title>
			<PublishDate>Tue, 25 Jun 2013</PublishDate>
			<LocationPath>http://192.168.101.137:84/Notification/devicecontent/HTML/ThoughtLeadership/Videos/6_Enactus2013.mp4</LocationPath>
			<image>http://192.168.101.137:84/Notification/devicecontent/images/enactus.png</image>
			<Source>http://www.youtube.com/watch?v=QwXsgAyTAhs</Source>
			<tinyURL></tinyURL>
		</Item>
		<Item>
			<Title>Syntel's ICD-10 Migration Services - nSure10</Title>
			<PublishDate>Thu, 7 Mar 2013</PublishDate>
			<LocationPath>http://192.168.101.137:84/Notification/devicecontent/HTML/ThoughtLeadership/Videos/9_ICD-10.mp4</LocationPath>
			<image>http://192.168.101.137:84/Notification/devicecontent/images/icd10.png</image>
			<Source>http://www.youtube.com/watch?v=NrkF_-9s1sQ</Source>
			<tinyURL></tinyURL>
		</Item>
		<Item>
			<Title>Syntel Advantage to Chip Ganassi</Title>
			<PublishDate>Wed, 9 Jan 2013</PublishDate>
			<LocationPath>http://192.168.101.137:84/Notification/devicecontent/HTML/ThoughtLeadership/Videos/10_ChipGanassiPromo.mp4</LocationPath>
			<image>http://192.168.101.137:84/Notification/devicecontent/images/chip-ganassi.png</image>
			<Source>http://www.youtube.com/watch?v=Yre7RBBy_i4</Source>
			<tinyURL></tinyURL>
		</Item>
		<Item>
			<Title>Syntel Perspectives 2012</Title>
			<PublishDate>Tue, 11 Dec 2012</PublishDate>
			<LocationPath>http://192.168.101.137:84/Notification/devicecontent/HTML/ThoughtLeadership/Videos/11_Perspectives12.mp4</LocationPath>
			<image>http://192.168.101.137:84/Notification/devicecontent/images/perspectives2012.png</image>
			<Source>http://www.youtube.com/watch?v=g-7czAR9Y4o</Source>
			<tinyURL></tinyURL>
		</Item>
		<Item>
			<Title>Perspectives 2012: Robert Guest</Title>
			<PublishDate>Mon, 26 Nov 2012</PublishDate>
			<LocationPath>http://192.168.101.137:84/Notification/devicecontent/HTML/ThoughtLeadership/Videos/12_Perspectives12_RG.mp4</LocationPath>
			<image>http://192.168.101.137:84/Notification/devicecontent/images/robert-guest-2012.png</image>
			<Source>http://www.youtube.com/watch?v=E7ZY-PF8b6g</Source>
			<tinyURL></tinyURL>
		</Item>
		<Item>
			<Title>Perspectives 2012: Chris Trimble</Title>
			<PublishDate>Mon, 26 Nov 2012</PublishDate>
			<LocationPath>http://192.168.101.137:84/Notification/devicecontent/HTML/ThoughtLeadership/Videos/13_Perspectives12_CT.mp4</LocationPath>
			<image>http://192.168.101.137:84/Notification/devicecontent/images/chris-trimble-2012.png</image>
			<Source>http://www.youtube.com/watch?v=JjXyr7VUspc</Source>
			<tinyURL></tinyURL>
		</Item>
		<Item>
			<Title>Perspectives 2012: Prashant Ranade</Title>
			<PublishDate>Fri, 23 Nov 2012</PublishDate>
			<LocationPath>http://192.168.101.137:84/Notification/devicecontent/HTML/ThoughtLeadership/Videos/14_Perspectives12_PR.mp4</LocationPath>
			<image>http://192.168.101.137:84/Notification/devicecontent/images/prashant-ranade-2012.png</image>
			<Source>http://www.youtube.com/watch?v=kqtgtpjnY9Y</Source>
			<tinyURL></tinyURL>
		</Item>
		<Item>
			<Title>Syntel Perspectives 2012: Chetan Manjarekar</Title>
			<PublishDate>Fri, 23 Nov 2012</PublishDate>
			<LocationPath>http://192.168.101.137:84/Notification/devicecontent/HTML/ThoughtLeadership/Videos/15_Perspectives12_CM.mp4</LocationPath>
			<image>http://192.168.101.137:84/Notification/devicecontent/images/chetan-manjrekar-2012.png</image>
			<Source>http://www.youtube.com/watch?v=8dH7wLnwKs8</Source>
			<tinyURL></tinyURL>
		</Item>
		<Item>
			<Title>Syntel Perspectives 2012: Bharat Desai</Title>
			<PublishDate>Sat, 27 Oct 2012</PublishDate>
			<LocationPath>http://192.168.101.137:84/Notification/devicecontent/HTML/ThoughtLeadership/Videos/16_Perspectives12_BD.mp4</LocationPath>
			<image>http://192.168.101.137:84/Notification/devicecontent/images/bharat-desai-2012.png</image>
			<Source>http://www.youtube.com/watch?v=9cpCMU2hq48</Source>
			<tinyURL></tinyURL>
		</Item>
		<Item>
			<Title>Syntel's NASDAQ Opening Bell Ceremony - August 23, 2012</Title>
			<PublishDate>Sat, 27 Oct 2012</PublishDate>
			<LocationPath>http://192.168.101.137:84/Notification/devicecontent/HTML/ThoughtLeadership/Videos/17_NASDAQ_Aug12.mp4</LocationPath>
			<image>http://192.168.101.137:84/Notification/devicecontent/images/nasdaq-opening-2012.png</image>
			<Source>http://www.youtube.com/watch?v=-MbrSSXl7xQ</Source>
			<tinyURL></tinyURL>
		</Item>
		<Item>
			<Title>AMO 2.0 Introduction</Title>
			<PublishDate>Fri, 3 Aug 2012</PublishDate>
			<LocationPath>http://192.168.101.137:84/Notification/devicecontent/HTML/ThoughtLeadership/Videos/18_AMO2.mp4</LocationPath>
			</image>http://192.168.101.137:84/Notification/devicecontent/images/amo2.0-introduction.png</image>
			<Source>http://www.youtube.com/watch?v=iKJV30sVqbc</Source>
			<tinyURL></tinyURL>
		</Item>
		<Item>
			<Title>Syntel Sponsored SIFE India National Competition 2012</Title>
			<PublishDate>Fri, 20 Jul 2012</PublishDate>
			<LocationPath>http://192.168.101.137:84/Notification/devicecontent/HTML/ThoughtLeadership/Videos/19_SIFE12.mp4</LocationPath>
			<image>http://192.168.101.137:84/Notification/devicecontent/images/sife-2012.png</image>
			<Source>http://www.youtube.com/watch?v=q89wndPo2mI</Source>
			<tinyURL></tinyURL>
		</Item>
		<Item>
			<Title>Syntel Webinar | Building an Agile IT Platform on Cisco UCS</Title>
			<PublishDate>Wed, 13 Jun 2012</PublishDate>
			<LocationPath>http://192.168.101.137:84/Notification/devicecontent/HTML/ThoughtLeadership/Videos/20_WebinarCISCO.mp4</LocationPath>
			<image>http://192.168.101.137:84/Notification/devicecontent/images/agile.png</image>
			<Source>http://www.youtube.com/watch?v=gAo8PpZMllE</Source>
			<tinyURL></tinyURL>
		</Item>
		<Item>
			<Title>Syntel Webinar: Best Practices for Implementing Mobile Development Projects</Title>
			<PublishDate>Wed, 22 Feb 2012</PublishDate>
			<LocationPath>http://192.168.101.137:84/Notification/devicecontent/HTML/ThoughtLeadership/Videos/21_WebinarMobile.mp4</LocationPath>
			<image>http://192.168.101.137:84/Notification/devicecontent/images/mobile-development.png</image>
			<Source>http://www.youtube.com/watch?v=Pl8MyMs86uk</Source>
			<tinyURL></tinyURL>
		</Item>
		<Item>
			<Title>Syntel Webinar on Building High Performance Enterprise Cloud Applications</Title>
			<PublishDate>Thu, 2 Feb 2012</PublishDate>
			<LocationPath>http://192.168.101.137:84/Notification/devicecontent/HTML/ThoughtLeadership/Videos/22_WebinarCloud.mp4</LocationPath>
			<image>http://192.168.101.137:84/Notification/devicecontent/images/cloud-computing.png</image>
			<Source>http://www.youtube.com/watch?v=84wam8hBxLw</Source>
			<tinyURL></tinyURL>
		</Item>
		<Item>
			<Title>Syntel Perspectives 2011 | Cloud Computing</Title>
			<PublishDate>Thu, 8 Dec 2011</PublishDate>
			<LocationPath>http://192.168.101.137:84/Notification/devicecontent/HTML/ThoughtLeadership/Videos/23_Perspectives11_Cloud.mp4</LocationPath>
			<image>http://192.168.101.137:84/Notification/devicecontent/images/perspectives2011-cloud-computing.png</image>
			<Source>http://www.youtube.com/watch?v=AB_LHt83yxY</Source>
			<tinyURL></tinyURL>
		</Item>
		<Item>
			<Title>Syntel Perspectives 2011 | Closing Remarks</Title>
			<PublishDate>Thu, 8 Dec 2011</PublishDate>
			<LocationPath>http://192.168.101.137:84/Notification/devicecontent/HTML/ThoughtLeadership/Videos/24_Perspectives11_Closing.mp4</LocationPath>
			<image>http://192.168.101.137:84/Notification/devicecontent/images/perspectives2011-closing-remarks.png</image>
			<Source>http://www.youtube.com/watch?v=ydEyj0NTy1g</Source>
			<tinyURL></tinyURL>
		</Item>
		<Item>
			<Title>Syntel Perspectives 2011 | Analytics</Title>
			<PublishDate>Thu, 8 Dec 2011</PublishDate>
			<LocationPath>http://192.168.101.137:84/Notification/devicecontent/HTML/ThoughtLeadership/Videos/25_Perspectives11_Analytics.mp4</LocationPath>
			<image>http://192.168.101.137:84/Notification/devicecontent/images/perspectives2011-analytics.png</image>
			<Source>http://www.youtube.com/watch?v=feBvND8DsTQ</Source>
			<tinyURL></tinyURL>
		</Item>
		<Item>
			<Title>Syntel Perspectives 2011 | Mobility Solutions</Title>
			<PublishDate>Thu, 8 Dec 2011</PublishDate>
			<LocationPath>http://192.168.101.137:84/Notification/devicecontent/HTML/ThoughtLeadership/Videos/26_Perspectives11_Mobility.mp4</LocationPath>
			<image>http://192.168.101.137:84/Notification/devicecontent/images/perspectives2011-mobility-solutions.png</image>
			<Source>http://www.youtube.com/watch?v=MTQOoR8OuY8</Source>
			<tinyURL></tinyURL>
		</Item>
		<Item>
			<Title>Syntel's Demand Management Services</Title>
			<PublishDate>Wed, 5 Oct 2011</PublishDate>
			<LocationPath>http://192.168.101.137:84/Notification/devicecontent/HTML/ThoughtLeadership/Videos/27_DemandMgmtServices.mp4</LocationPath>
			<image>http://192.168.101.137:84/Notification/devicecontent/images/demand-generation.png</image>
			<Source>http://www.youtube.com/watch?v=M95n-GGFSLQ</Source>
			<tinyURL></tinyURL>
		</Item>
		<Item>
			<Title>Syntel Perspectives 2010: Opening Remarks</Title>
			<PublishDate>Sun, 25 Sep 2011</PublishDate>
			<LocationPath>http://192.168.101.137:84/Notification/devicecontent/HTML/ThoughtLeadership/Videos/29_Perspectives10_Opening.mp4</LocationPath>
			<image>http://192.168.101.137:84/Notification/devicecontent/images/perspectives2010-opening-remarks.png</image>
			<Source>http://www.youtube.com/watch?v=KcBRmEqU_8Q</Source>
			<tinyURL></tinyURL>
		</Item>
		<Item>
			<Title>Syntel Perspectives 2010: Closing Remarks</Title>
			<PublishDate>Sun, 25 Sep 2011</PublishDate>
			<LocationPath>http://192.168.101.137:84/Notification/devicecontent/HTML/ThoughtLeadership/Videos/30_Perspectives10_Closing.mp4</LocationPath>
			<image>http://192.168.101.137:84/Notification/devicecontent/images/perspectives2010-closing-remarks.png</image>
			<Source>http://www.youtube.com/watch?v=fgaWjdAOW50</Source>
			<tinyURL></tinyURL>
		</Item>
		<Item>
			<Title>Syntel Spotlight: Cloud</Title>
			<PublishDate>Sun, 25 Sep 2011</PublishDate>
			<LocationPath>http://192.168.101.137:84/Notification/devicecontent/HTML/ThoughtLeadership/Videos/31_Spotlight_Cloud.mp4</LocationPath>
			<image>http://192.168.101.137:84/Notification/devicecontent/images/perspectives2010-cloud.png</image>
			<Source>http://www.youtube.com/watch?v=oVUeB85JtRY</Source>
			<tinyURL></tinyURL>
		</Item>
		<Item>
			<Title>Syntel Spotlight: Syntelovation</Title>
			<PublishDate>Sun, 25 Sep 2011</PublishDate>
			<LocationPath>http://192.168.101.137:84/Notification/devicecontent/HTML/ThoughtLeadership/Videos/32_Spotlight_Syntelovation.mp4</LocationPath>
			<image>http://192.168.101.137:84/Notification/devicecontent/images/perspectives2010-syntelovation.png</image>
			<Source>http://www.youtube.com/watch?v=jb8sTn2Pg3Q</Source>
			<tinyURL></tinyURL>
		</Item>
		<Item>
			<Title>Syntel Spotlight: LEAN</Title>
			<PublishDate>Mon, 26 Sep 2011</PublishDate>
			<LocationPath>http://192.168.101.137:84/Notification/devicecontent/HTML/ThoughtLeadership/Videos/33_Spotlight_LEAN.mp4</LocationPath>
			<image>http://192.168.101.137:84/Notification/devicecontent/images/syntel-spotlight-lean.png</image>
			<Source>http://www.youtube.com/watch?v=fe69plUO7S0</Source>
			<tinyURL></tinyURL>
		</Item>
		<Item>
			<Title>Syntel Spotlight: Business Excellence</Title>
			<PublishDate>Sun, 25 Sep 2011</PublishDate>
			<LocationPath>http://192.168.101.137:84/Notification/devicecontent/HTML/ThoughtLeadership/Videos/34_Spotlight_BusinessExcellence.mp4</LocationPath>
			<image>http://192.168.101.137:84/Notification/devicecontent/images/syntel-spotlight-business-excellence.png</image>
			<Source>http://www.youtube.com/watch?v=wle1ZgJo_7E</Source>
			<tinyURL></tinyURL>
		</Item>
		<Item>
			<Title>Bharat Desai | Co-founder and Chairman, Syntel -- The Billionaire Yogi</Title>
			<PublishDate>Wed, 9 Mar 2011</PublishDate>
			<LocationPath>http://192.168.101.137:84/Notification/devicecontent/HTML/ThoughtLeadership/Videos/35_BD_BillionaireYogi.mp4</LocationPath>
			<image>http://192.168.101.137:84/Notification/devicecontent/images/bharat-desai-yogi.png</image>
			<Source>http://www.youtube.com/watch?v=ROEdz5ZI4-o</Source>
			<tinyURL></tinyURL>
		</Item>
		<Item>
			<Title>Bharat Desai NDTV Interview -- August 30, 2010</Title>
			<PublishDate>Wed, 9 Mar 2011</PublishDate>
			<LocationPath>http://192.168.101.137:84/Notification/devicecontent/HTML/ThoughtLeadership/Videos/36_BD_NDTVAug10.mp4</LocationPath>
			<image>http://192.168.101.137:84/Notification/devicecontent/images/bharat-desai-ndtv.png</image>
			<Source>http://www.youtube.com/watch?v=IWefjQ56Xo4</Source>
			<tinyURL></tinyURL>
		</Item>
		<Item>
			<Title>Syntel Opens the NASDAQ Stock Market -- September 28, 2007</Title>
			<PublishDate>Wed, 9 Mar 2011</PublishDate>
			<LocationPath>http://192.168.101.137:84/Notification/devicecontent/HTML/ThoughtLeadership/Videos/37_NASDAQ_Sep07.mp4</LocationPath>
			<image>http://192.168.101.137:84/Notification/devicecontent/images/nasdaq-opening-2007.png</image>
			<Source>http://www.youtube.com/watch?v=I9BikOJGrtw</Source>
			<tinyURL></tinyURL>
		</Item>
		<Item>
			<Title>Innovative Tablet PC-based Trackside Application from Syntel</Title>
			<PublishDate>Wed, 9 Mar 2011</PublishDate>
			<LocationPath>http://192.168.101.137:84/Notification/devicecontent/HTML/ThoughtLeadership/Videos/38_TabletTracksideApp.mp4</LocationPath>
			<image>http://192.168.101.137:84/Notification/devicecontent/images/tablet-chip-ganassi.png</image>
			<Source>http://www.youtube.com/watch?v=Mk0NUByUV5M</Source>
			<tinyURL></tinyURL>
		</Item>
		<Item>
			<Title>Syntel Innovative Trackside Application | Advantages</Title>
			<PublishDate>Wed, 9 Mar 2011</PublishDate>
			<LocationPath>http://192.168.101.137:84/Notification/devicecontent/HTML/ThoughtLeadership/Videos/39_TracksideAppAdv.mp4</LocationPath>
			<image>http://192.168.101.137:84/Notification/devicecontent/images/chip-ganassi-advantages.png</image>
			<Source>http://www.youtube.com/watch?v=_FcOQG2jT9w</Source>
			<tinyURL></tinyURL>
		</Item>
		<Item>
			<Title>Syntel Trackside Application for Chip Ganassi and Earnhardt Ganassi Teams -- Communicating</Title>
			<PublishDate>Wed, 9 Mar 2011</PublishDate>
			<LocationPath>http://192.168.101.137:84/Notification/devicecontent/HTML/ThoughtLeadership/Videos/40_ApplicationChipGanassi.mp4</LocationPath>
			<image>http://192.168.101.137:84/Notification/devicecontent/images/chip-ganassi-communications.png</image>
			<Source>http://www.youtube.com/watch?v=k3M3bJABnuQ</Source>
			<tinyURL></tinyURL>
		</Item>
	</Videos>
  	<CaseStudies>
  		<Item>
  			<Title>$249M TCO Reduction with Private Cloud</Title>
  			<Category>Cloud</Category>
  			<Description>Syntel helped Fortune 500 company to undertake an enterprise-wide modernization initiative to migrate its application portfolio from legacy AIX to a Cisco UCS based private cloud. This lowered the customer&#39;s total cost of ownership over a 5-year period.</Description>
  			<PublishDate>February, 2014</PublishDate>
  			<LocationPath>http://www.syntelinc.com/sites/default/files/synt_pvt_cloud_case_study_0.pdf</LocationPath>
  			<image>http://192.168.101.137:84/Notification/devicecontent/images/private-cloud.png</image>
  			<Source>http://www.syntelinc.com/sites/default/files/synt_pvt_cloud_case_study_0.pdf</Source>
  			<tinyURL></tinyURL>
  		</Item>
  		<Item>
  			<Title>Delivering Agility and TCO Reduction</Title>
  			<Category>Cloud</Category>
  			<Description>Syntel implemented a Windows Azure migration strategy for a Fortune 100 financial services company which optimized the client&#39;s technology investments and generated a 37% reduction in TCO and 96% faster provisioning.</Description>
  			<PublishDate>February, 2014</PublishDate>
  			<LocationPath>http://www.syntelinc.com/sites/default/files/synt_pvt_cloud_case_study_0.pdf</LocationPath>
  			<image>http://192.168.101.137:84/Notification/devicecontent/images/azure.png</image>
  			<Source>http://www.syntelinc.com/sites/default/files/synt_pvt_cloud_case_study_0.pdf</Source>
  			<tinyURL></tinyURL>
  		</Item>
  		<Item>
  			<Title>Performance through E2E E-Biz Testing</Title>
  			<Category>TST</Category>
  			<Description>The customer is a leading provider of financial services to institutional investors, offering a broad and integrated range of services including research, investment management, trading services and investment servicing. Through its end-to-end testing service arrangement for Oracle applications with Syntel, the company stands to achieve improved operational performance through reduced defects and cost savings.</Description>
  			<PublishDate>January, 2014</PublishDate>
  			<LocationPath>http://www.syntelinc.com/sites/default/files/synt_syntel_provides_end-to-end_e-biz_testing_services.pdf</LocationPath>
  			<image>http://192.168.101.137:84/Notification/devicecontent/images/agile_7.png</image>
  			<Source>http://www.syntelinc.com/sites/default/files/synt_syntel_provides_end-to-end_e-biz_testing_services.pdf</Source>
  			<tinyURL></tinyURL>
  		</Item>
  		<Item>
  			<Title>Reducing Execution SAP Systems</Title>
  			<Category>SOG</Category>
  			<Description>One of the largest publically held, personal lines property and casualty insurers in the United States of America. The company also has personal lines insurance operations in Canada.</Description>
  			<PublishDate>January, 2014</PublishDate>
  			<LocationPath>http://www.syntelinc.com/sites/default/files/synt_sap_systems.pdf</LocationPath>
  			<image>http://192.168.101.137:84/Notification/devicecontent/images/insurance_2.png</image>
  			<Source>http://www.syntelinc.com/sites/default/files/synt_sap_systems.pdf</Source>
  			<tinyURL></tinyURL>
  		</Item>
  		<Item>
  			<Title>Strategy for PeopleSoft HCM and CRM</Title>
  			<Category>SOG</Category>
  			<Description>The client is a leading US credit card company with presence in 200 countries worldwide. Like many growing companies, the company wanted to streamline its HR functions for better employee administration.</Description>
  			<PublishDate>December, 2013</PublishDate>
  			<LocationPath>http://www.syntelinc.com/sites/default/files/synt_peoplesoft_hr_implementation.pdf</LocationPath>
  			<image>http://192.168.101.137:84/Notification/devicecontent/images/agile_4.png</image>
  			<Source>http://www.syntelinc.com/sites/default/files/synt_peoplesoft_hr_implementation.pdf</Source>
  			<tinyURL></tinyURL>
  		</Item>
  		<Item>
  			<Title>Product Checks to Realize Cost Saving</Title>
  			<Category>HCLS</Category>
  			<Description>The client is a global provider of essential research products and services that promote drug discovery and development. The company partners with major pharmaceutical and biotechnology companies worldwide for innovation, as well as government research centers and leading hospitals and academic institutions.</Description>
  			<PublishDate>November, 2013</PublishDate>
  			<LocationPath>http://www.syntelinc.com/sites/default/files/synt_peoplesoft_application_health_check.pdf</LocationPath>
  			<image>http://192.168.101.137:84/Notification/devicecontent/images/agile_1.png</image>
  			<Source>http://www.syntelinc.com/sites/default/files/synt_peoplesoft_application_health_check.pdf</Source>
  			<tinyURL></tinyURL>
  		</Item>
  		<Item>
  			<Title>Cost savings from SAS to MicroStrategy</Title>
  			<Category>SOG</Category>
  			<Description>With the availability of a compliant enterprise platform such as Micro Strategy and DB2 data warehouse, the client chose to migrate to a cost-effective solution.</Description>
  			<PublishDate>October, 2013</PublishDate>
  			<LocationPath>http://www.syntelinc.com/sites/default/files/synt_optimizing_costs_with_seamless_migration_from_sas_to_microstrategy.pdf</LocationPath>
  			<image>http://192.168.101.137:84/Notification/devicecontent/images/sap-erp_0.png</image>
  			<Source>http://www.syntelinc.com/sites/default/files/synt_optimizing_costs_with_seamless_migration_from_sas_to_microstrategy.pdf</Source>
  			<tinyURL></tinyURL>
  		</Item>
  		<Item>
  			<Title>Leveraging MicroStrategy for Dashboards</Title>
  			<Category>SOG</Category>
  			<Description>Syntel&#39;s proficient Project team members followed an Agile/SCRUM methodology to design and develop dynamic dashboards, allowing users to play with the underlying data. The team&#39;s use of Agile methodology enabled the client to accommodate constant business requirement changes, with minimal effort.</Description>
  			<PublishDate>October, 2013</PublishDate>
  			<LocationPath>http://www.syntelinc.com/sites/default/files/synt_leveraging_microstrategy_to_deliver_dynamic_high_performance_dashboards.pdf</LocationPath>
  			<image>http://192.168.101.137:84/Notification/devicecontent/images/microstrategy_1.png</image>
  			<Source>http://www.syntelinc.com/sites/default/files/synt_leveraging_microstrategy_to_deliver_dynamic_high_performance_dashboards.pdf</Source>
  			<tinyURL></tinyURL>
  		</Item>
  		<Item>
  			<Title>Quicker Global SAP Deployment</Title>
  			<Category>SOG</Category>
  			<Description>Syntel&#39;s client is a worldwide leading supplier of cellulose, fibrous and plastic casings, with manufacturing and distribution facilities in North America, South America and Europe.</Description>
  			<PublishDate>December, 2012</PublishDate>
  			<LocationPath>http://www.syntelinc.com/sites/default/files/synt_erp_offerings.pdf</LocationPath>
  			<image>http://192.168.101.137:84/Notification/devicecontent/images/sap-erp_0.png</image>
  			<Source>http://www.syntelinc.com/sites/default/files/synt_erp_offerings.pdf</Source>
  			<tinyURL></tinyURL>
  		</Item>
  		<Item>
  			<Title>Data Migration, Upgrade and Integration</Title>
  			<Category>MIII</Category>
  			<Description>Syntel&#39;s client is a leading commercial vehicle manufacturer in North America and a leading provider of heavy&#45; and medium&#45;duty vehicles. The client has 800 independent, company-owned dealers&#39; locations across the U.S., Canada and Mexico.</Description>
  			<PublishDate>December, 2012</PublishDate>
  			<LocationPath>http://www.syntelinc.com/sites/default/files/synt_eis_sap_mfg.pdf</LocationPath>
  			<image>http://192.168.101.137:84/Notification/devicecontent/images/manufacturing.png</image>
  			<Source>http://www.syntelinc.com/sites/default/files/synt_eis_sap_mfg.pdf</Source>
  			<tinyURL></tinyURL>
  		</Item>
	</CaseStudies>
	<Whitepapers>
		<Item>
			<Title>ACO with Integrated Analytics</Title>
			<Category>HCLS</Category>
			<Description>Accountable Care Organizations as a new model for care delivery is yet another attempt in the reform process and a step towards transforming the healthcare industry - from the traditional fee for service-based care to care that creates value for patients. A broad definition of an ACO encompasses the Payer's development of contractual arrangements with the provider organizations based on the notion of shared savings, other value-based integrations between payers and providers as well as setting up patient centric care programs.</Description>
			<PublishDate>February, 2014</PublishDate>
			<LocationPath>http://www.syntelinc.com/sites/default/files/synt_aco_analytics.pdf</LocationPath>
			<image>http://192.168.101.137:84/Notification/devicecontent/images/eai-vs-etl.png</image>
			<Source>http://www.syntelinc.com/sites/default/files/synt_aco_analytics.pdf</Source>
			<tinyURL></tinyURL>
		</Item>
		<Item>
			<Title>Provider Network Adequacy Tool</Title>
			<Category>IMS</Category>
			<Description>Payers expect around 30 - 40 million new members to sign up for health plans as Obamacare goes live. Payers are facing challenge owing to higher member disenrollment in Medicare plans and increased consumer complaints due to lack of adequate Providers in the networks. With more enrollments Payers need to gear up and build an adequate provider network for various treatments, as per regulatory guidelines to fulfil the growing needs of the market. Payers now need to introspect their provider networks and simultaneously expand their network to attract more enrollees. A holistic view of their provider networks and enhanced decision support system is imperative to aid business decisions and enhanced customer experience.</Description>
			<PublishDate>January, 2014</PublishDate>
			<LocationPath>http://www.syntelinc.com/sites/default/files/synt_hcls_pnatool.pdf</LocationPath>
			<image>http://192.168.101.137:84/Notification/devicecontent/images/synt_hcls_pnatool_0.png</image>
			<Source>http://www.syntelinc.com/sites/default/files/synt_hcls_pnatool.pdf</Source>
			<tinyURL></tinyURL>
		</Item>
		<Item>
			<Title>Insights and Decision-making with Big Data</Title>
			<Category>BIDW</Category>
			<Description>Business leaders in global organizations are driven to seek real time value. Time value of information is a crucial component for every organization, providing insights on the current value of available information vis-&#160;-vis the value of that information at some future point in time.</Description>
			<PublishDate>January, 2014</PublishDate>
			<LocationPath>http://www.syntelinc.com/sites/default/files/real_time_aggregator_one_pager.pdf</LocationPath>
			<image>http://192.168.101.137:84/Notification/devicecontent/images/rta-bigdata.png</image>
			<Source>http://www.syntelinc.com/sites/default/files/real_time_aggregator_one_pager.pdf</Source>
			<tinyURL></tinyURL>
		</Item>
		<Item>
			<Title>Risk Adjustment Data Submission Solution</Title>
			<Category>HCLS</Category>
			<Description>Commercial Risk Adjustment is a high-impact, revenue generating process. Payers experience the grave risk of the inability &#45; arising from adverse selection and risk pool failure - to control enrollment of highrisk members in a particular health plan, due to enrolments on Health Insurance Exchanges (HIX). In the current scenario, payers lack the necessary tools, expertise and know-how needed for standardizing and submitting the required data, and Health Plans are also deficient in the tools essential for managing errors, reports, or other miscellaneous interventions after data is processed on Edge server.</Description>
			<PublishDate>January, 2014</PublishDate>
			<LocationPath>http://www.syntelinc.com/sites/default/files/synt_hcls_risk_adjustment_flyer.pdf</LocationPath>
			<image>http://192.168.101.137:84/Notification/devicecontent/images/synt_hcls_risk_adjustment.png</image>
			<Source>http://www.syntelinc.com/sites/default/files/synt_hcls_risk_adjustment_flyer.pdf</Source>
			<tinyURL></tinyURL>
		</Item>
		<Item>
			<Title>Leveraging Warranty Analytics</Title>
			<Category>SOG</Category>
			<Description>Approximately 2.5% of product revenue generated annually is spent on warranty repairs, making warranty management an increasing concern for manufacturers.</Description>
			<PublishDate>January, 2014</PublishDate>
			<LocationPath>http://www.syntelinc.com/sites/default/files/synt_warranty_analytics_one_pager.pdf</LocationPath>
			<image>http://192.168.101.137:84/Notification/devicecontent/images/manufacturing.png</image>
			<Source>http://www.syntelinc.com/sites/default/files/synt_warranty_analytics_one_pager.pdf</Source>
			<tinyURL></tinyURL>
		</Item>
		<Item>
			<Title>Gaining 360 Degree View of Customer Data</Title>
			<Category>SOG</Category>
			<Description>When various teams work for a customer each division has their own view of the customer. This ambiguity in data has a direct impact on the bottom line. Data quality issues also lead to wrong decisions, resulting in lost customers and reduced profitability.</Description>
			<PublishDate>January, 2014</PublishDate>
			<LocationPath>http://www.syntelinc.com/sites/default/files/synt_customer_360_one_pager.pdf</LocationPath>
			<image>http://192.168.101.137:84/Notification/devicecontent/images/manufacturing.png</image>
			<Source>http://www.syntelinc.com/sites/default/files/synt_customer_360_one_pager.pdf</Source>
			<tinyURL></tinyURL>
		</Item>
		<Item>
			<Title>Big Data Based Insurance Solutions</Title>
			<Category>BNFS</Category>
			<Description>Automotive age, car model and previous claims history impact the insurance premium that customers pay, indirectly determining the number of customers an auto insurer would draw. This is driving auto insurers to scout for ways to increase their customer base without impacting their profit margins. Usage based insurance or the pay-as-you-drive insurance model can provide a competitive advantage over other insurers and can attract and retain customers easily.</Description>
			<PublishDate>October, 2013</PublishDate>
			<LocationPath>http://www.syntelinc.com/sites/default/files/usage_based_insurance_flyer.pdf</LocationPath>
			<image>http://192.168.101.137:84/Notification/devicecontent/images/rta-bigdata.png</image>
			<Source>http://www.syntelinc.com/sites/default/files/usage_based_insurance_flyer.pdf</Source>
			<tinyURL></tinyURL>
		</Item>
		<Item>
			<Title>Images Storage Retrieval for Healthcare</Title>
			<Category>HCLS</Category>
			<Description>While gearing up for the Patient Protection and Affordable Care Act (PPACA), payers and providers are facing issues with the storage of medical images. Imaging devices, such as CT and PACS, use Digital Imaging and Communications in Medicine (DICOM) for storage and archival/retrieval of medical images. However, they face challenges of higher hardware costs, lack of scalability and compliance to HL7 for replication of patient data.</Description>
			<PublishDate>October, 2013</PublishDate>
			<LocationPath>http://www.syntelinc.com/sites/default/files/medical_image_store_flyer.pdf</LocationPath>
			<image>http://192.168.101.137:84/Notification/devicecontent/images/medical-image.png</image>
			<Source>http://www.syntelinc.com/sites/default/files/medical_image_store_flyer.pdf</Source>
			<tinyURL></tinyURL>
		</Item>
		<Item>
			<Title>Journey to the Private Cloud</Title>
			<Category>Cloud</Category>
			<Description>Cloud computing is all the rage today. As an innovative model of using and delivering IT and business services, the hype around cloud computing also brings in a lot of confusion, which may deter the overall adoption to cloud. With its various models &#45; Public, Private, Hybrid and Community cloud &#45; organizations have considerable decision making to do in order to choose the right model. To add to the confusion, there is a plethora of cloud management platforms and vendors available for each particular implementation of the cloud model, which one has to carefully select.</Description>
			<PublishDate>December, 2012</PublishDate>
			<LocationPath>http://www.syntelinc.com/sites/default/files/syntel_journey_to_private_cloud.pdf</LocationPath>
			<image>http://192.168.101.137:84/Notification/devicecontent/images/paas_1.png</image>
			<Source>http://www.syntelinc.com/sites/default/files/syntel_journey_to_private_cloud.pdf</Source>
			<tinyURL></tinyURL>
		</Item>
		<Item>
			<Title>Platform as a Service (PaaS) Demystified</Title>
			<Category>Cloud</Category>
			<Description>In most private cloud implementation scenarios we came across IaaS (Infrastructure as a Solution) as the sole way of implementing cloud. In IaaS, the concept of very high scalability, reliability, availability and on demand provisioning is limited to hardware/virtual machines. Though implementing IaaS qualifies an organization to call itself &#34;cloud-enabled,&#34; there needs to be a PaaS (Platform as a Service) that augments the cloud efficiency to maximize return on investment and propel the organization further into the cloud maturity index.</Description>
			<PublishDate>December, 2012</PublishDate>
			<LocationPath>http://www.syntelinc.com/sites/default/files/platform_as_a_service_paas_demystified.pdf</LocationPath>
			<image>http://192.168.101.137:84/Notification/devicecontent/images/paas_1.png</image>
			<Source>http://www.syntelinc.com/sites/default/files/platform_as_a_service_paas_demystified.pdf</Source>
			<tinyURL></tinyURL>
		</Item>    
	</Whitepapers>
  <WhatsNew>
	<!-- Values for Category - 
		* Videos
		* CaseStudies
		* Whitepapers 
		* News
	-->
 
  </WhatsNew>
  <ChangeSet>
   
  </ChangeSet>
</Content>
